Text,Post (0) or Comment (1),Username,Discussion Thread,Date,"Catetory (mental 0, sleep 1, tips 2, pp recovery 3)",Father (0) or Mother(1),Segment,WC,Analytic,Clout,Authentic,Tone,WPS,BigWords,Dic,Linguistic,function,pronoun,ppron,i,we,you,shehe,they,ipron,det,article,number,prep,auxverb,adverb,conj,negate,verb,adj,quantity,Affect,tone_pos,tone_neg,emotion,emo_pos,emo_neg,emo_anx,emo_anger,emo_sad,swear,Physical,health,illness,wellness,mental,substances,sexual,food,death,AllPunc,Period,Comma,QMark,Exclam,Apostro,OtherP,Emoji
Sample Reddit post text here!! Hi hello!,0,Username,Discussion Thread Title,"Nov 9, 2023",2,0,1,47,48.6,28.37,42.1,99,11.75,14.89,78.72,74.47,55.32,21.28,19.15,10.64,0,0,8.51,0,2.13,6.38,2.13,0,19.15,6.38,2.13,8.51,0,19.15,6.38,2.13,8.51,8.51,0,0,0,0,0,0,0,0,6.38,2.13,2.13,0,0,0,0,2.13,0,19.15,8.51,8.51,0,0,0,2.13,0
Sample Reddit post text here!! Hi hello!,1,Username,Discussion Thread Title,"Nov 10, 2023",2,0,1,98,27.39,28.8,66.12,91.22,24.5,18.37,85.71,72.45,58.16,13.27,8.16,7.14,0,1.02,0,0,5.1,15.31,11.22,3.06,7.14,9.18,10.2,10.2,0,16.33,6.12,3.06,6.12,5.1,0,4.08,3.06,0,0,0,0,0,7.14,4.08,2.04,0,0,0,0,0,0,14.29,4.08,0,0,0,0,10.2,0
Sample Reddit post text here!! Hi hello!,1,Username,Discussion Thread Title,"Nov 11, 2023",2,0,1,41,12.54,1.87,94.28,,20.5,9.76,90.24,85.37,68.29,19.51,17.07,12.2,0,0,4.88,0,2.44,9.76,7.32,2.44,14.63,12.2,12.2,7.32,2.44,21.95,7.32,7.32,0,0,0,0,0,0,0,0,0,0,4.88,2.44,2.44,0,0,0,0,0,0,9.76,4.88,2.44,0,0,2.44,0,0
Sample Reddit post text here!! Hi hello!,1,Username,Discussion Thread Title,"Nov 12, 2023",2,0,1,68,9.55,17.98,67.28,41.97,22.67,7.35,91.18,88.24,70.59,23.53,20.59,8.82,0,0,10.29,1.47,2.94,14.71,5.88,0,13.24,7.35,4.41,13.24,4.41,19.12,4.41,7.35,1.47,1.47,0,0,0,0,0,0,0,0,1.47,0,0,0,0,0,0,0,0,7.35,4.41,1.47,0,0,1.47,0,0
Sample Reddit post text here!! Hi hello!,1,Username,Discussion Thread Title,"Nov 13, 2023",2,0,1,99,18.71,5.27,57.71,1,16.5,10.1,88.89,84.85,67.68,22.22,19.19,10.1,0,0,8.08,1.01,3.03,13.13,6.06,0,13.13,12.12,4.04,6.06,3.03,22.22,7.07,9.09,5.05,0,5.05,1.01,0,1.01,0,0,1.01,0,4.04,2.02,0,0,1.01,0,0,0,0,13.13,6.06,3.03,0,0,4.04,0,0
Sample Reddit post text here!! Hi hello!,1,Username,Discussion Thread Title,"Nov 14, 2023",2,0,1,69,23.51,57.35,34.62,20.23,17.25,15.94,92.75,85.51,69.57,11.59,11.59,4.35,5.8,0,1.45,0,0,17.39,5.8,4.35,15.94,14.49,7.25,10.14,4.35,20.29,8.7,10.14,4.35,1.45,1.45,4.35,1.45,1.45,0,0,0,0,4.35,4.35,2.9,0,0,0,0,0,0,11.59,5.8,4.35,0,0,1.45,0,0
Sample Reddit post text here!! Hi hello!,1,Username,Discussion Thread Title,"Nov 15, 2023",2,0,1,119,59.33,55.09,75.09,31.82,17,15.97,76.47,70.59,59.66,12.61,8.4,5.88,0,0,0,1.68,4.2,13.45,7.56,0,16.81,10.08,6.72,6.72,1.68,17.65,3.36,0.84,2.52,1.68,0.84,0,0,0,0,0,0,0,3.36,0,0,0,0,0,0,0,0,14.29,5.04,5.04,0,0.84,0.84,2.52,0
Sample Reddit post text here!! Hi hello!,1,Username,Discussion Thread Title,"Nov 16, 2023",2,0,1,46,4.38,10.88,29.9,84.9,11.5,23.91,84.78,84.78,67.39,17.39,13.04,6.52,0,0,4.35,2.17,4.35,13.04,4.35,0,13.04,21.74,4.35,6.52,6.52,32.61,2.17,0,4.35,4.35,0,2.17,2.17,0,0,0,0,0,0,0,0,0,0,0,0,0,0,17.39,2.17,0,0,4.35,6.52,4.35,0
Sample Reddit post text here!! Hi hello!,1,Username,Discussion Thread Title,"Nov 17, 2023",2,0,1,166,29.94,71.4,62.53,83.54,16.6,7.83,87.35,80.12,63.25,21.08,13.86,4.82,3.61,1.81,3.61,0,7.23,13.25,6.02,3.01,14.46,8.43,3.61,7.83,3.01,21.69,1.81,3.61,5.42,4.82,0.6,0,0,0,0,0,0,0,5.42,1.2,1.2,0,0,0,0,2.41,0,10.24,6.02,0,0,0,3.01,1.2,0
Sample Reddit post text here!! Hi hello!,1,Username,Discussion Thread Title,"Nov 18, 2023",2,0,1,142,74.81,82,61.43,64.63,17.75,14.08,83.1,74.65,58.45,11.97,9.86,2.82,0.7,2.82,3.52,0,2.11,16.2,7.04,0.7,18.31,7.04,4.93,7.75,1.41,16.2,2.82,7.04,5.63,4.23,1.41,0.7,0.7,0,0,0,0,0,6.34,0.7,0.7,0,0,0,0.7,0,0,15.49,4.23,4.93,0,2.11,1.41,2.82,0
Sample Reddit post text here!! Hi hello!,1,Username,Discussion Thread Title,"Nov 19, 2023",2,0,1,47,61.33,18.61,91.07,,23.5,8.51,80.85,72.34,61.7,17.02,14.89,10.64,2.13,0,2.13,0,2.13,21.28,8.51,4.26,17.02,6.38,6.38,6.38,2.13,14.89,2.13,6.38,0,0,0,0,0,0,0,0,0,0,6.38,0,0,0,0,0,0,6.38,0,8.51,2.13,0,0,2.13,2.13,2.13,0
Sample Reddit post text here!! Hi hello!,1,Username,Discussion Thread Title,"Nov 20, 2023",2,0,1,90,3.15,40.06,93.95,20.23,18,17.78,78.89,75.56,58.89,23.33,18.89,10,2.22,0,4.44,2.22,4.44,13.33,1.11,3.33,11.11,11.11,6.67,8.89,3.33,23.33,5.56,6.67,2.22,1.11,1.11,0,0,0,0,0,0,0,0,0,0,0,0,0,0,0,0,11.11,5.56,0,0,0,5.56,0,0
Sample Reddit post text here!! Hi hello!,1,Username,Discussion Thread Title,"Nov 21, 2023",2,0,1,439,11.25,98.98,24.69,32.91,16.88,20.27,78.82,74.94,63.1,19.13,12.98,2.28,2.96,3.42,1.59,2.73,6.15,14.81,3.19,0.46,12.3,10.93,8.66,7.29,2.05,17.31,7.29,3.87,7.06,3.87,2.96,3.19,0.68,2.28,0.46,0.91,0.23,0,1.14,0.91,0.23,0,0.46,0,0,0,0,12.53,5.92,3.64,0,0,2.28,0.68,0
Sample Reddit post text here!! Hi hello!,1,Username,Discussion Thread Title,"Nov 22, 2023",2,0,1,127,23.74,2.82,96.81,43.72,14.11,8.66,81.1,76.38,62.2,18.11,16.54,11.81,0,0,4.72,0,1.57,14.17,6.3,2.36,13.39,8.66,5.51,11.81,1.57,17.32,5.51,4.72,3.15,2.36,0.79,0,0,0,0,0,0,0,3.15,0.79,0.79,0,0,0,0,1.57,0,9.45,7.09,0,0,0,0.79,1.57,0
Sample Reddit post text here!! Hi hello!,1,Username,Discussion Thread Title,"Nov 23, 2023",2,0,1,40,20.35,1,98.38,2.86,20,15,80,70,60,17.5,15,15,0,0,0,0,2.5,15,2.5,2.5,15,10,5,7.5,5,15,2.5,0,7.5,2.5,5,5,0,5,0,0,5,0,2.5,0,0,0,0,0,0,0,0,10,5,0,0,0,0,5,0
Sample Reddit post text here!! Hi hello!,1,Username,Discussion Thread Title,"Nov 24, 2023",2,0,1,210,22.17,65.33,80.49,78.85,15,14.29,82.86,76.67,61.9,17.62,12.86,5.24,0.95,1.9,3.33,1.43,4.76,15.24,8.1,0.95,11.43,9.05,6.67,11.43,1.43,19.05,6.67,4.29,4.76,4.29,0.48,0.95,0.48,0.48,0,0,0,0,4.29,1.9,0.48,0,0,0,0,0.48,0,14.29,6.67,4.29,0,0,2.86,0.48,0
Sample Reddit post text here!! Hi hello!,1,Username,Discussion Thread Title,"Nov 25, 2023",2,0,1,246,20.91,76.67,62.79,51.54,18.92,9.76,82.11,76.83,61.79,16.67,14.23,6.91,0.41,2.85,2.03,2.03,2.44,15.04,5.69,2.03,12.2,12.6,6.1,7.72,2.03,22.36,7.72,5.28,3.25,2.44,0.41,0.81,0.81,0,0,0,0,0.41,4.88,1.22,1.22,0,0,0,0,0.81,0,12.2,3.66,0.41,0,2.44,3.66,2.03,0
Sample Reddit post text here!! Hi hello!,1,Username,Discussion Thread Title,"Nov 26, 2023",2,0,1,113,7.67,30.21,53.37,2.47,22.6,15.04,92.92,82.3,61.95,18.58,16.81,7.96,2.65,0,4.42,0.88,1.77,12.39,4.42,5.31,8.85,11.5,6.19,10.62,1.77,23.01,7.96,8.85,6.19,1.77,4.42,5.31,0.88,4.42,0,1.77,0,0,7.96,2.65,0.88,0,0,0,0,0.88,0,15.93,4.42,2.65,0,0,3.54,5.31,0
Sample Reddit post text here!! What's up!,1,Username,Discussion Thread Title,"Nov 27, 2023",2,1,1,163,37.23,94.46,76.42,58.66,27.17,11.66,86.5,80.37,63.19,15.34,12.27,3.68,2.45,2.45,3.07,0.61,3.07,15.95,9.82,1.84,11.66,9.82,7.36,9.82,0,22.09,3.07,7.36,4.91,3.68,1.23,0,0,0,0,0,0,0,3.68,2.45,1.23,0,0,0,0,0,0,7.36,2.45,2.45,0,1.23,0.61,0.61,0
Sample Reddit post text here!! What's up!,1,Username,Discussion Thread Title,"Nov 28, 2023",2,1,1,69,17.31,99,92.58,65.92,11.5,11.59,76.81,72.46,57.97,18.84,15.94,2.9,0,11.59,1.45,0,2.9,18.84,7.25,1.45,10.14,10.14,7.25,5.8,4.35,17.39,8.7,7.25,2.9,2.9,0,0,0,0,0,0,0,0,2.9,1.45,1.45,0,0,0,0,0,0,15.94,8.7,1.45,0,0,5.8,0,0
Sample Reddit post text here!! What's up!,1,Username,Discussion Thread Title,"Nov 29, 2023",2,1,1,89,26.81,40.06,97.76,72.98,22.25,12.36,87.64,80.9,67.42,17.98,15.73,8.99,2.25,0,4.49,0,2.25,12.36,4.49,3.37,19.1,10.11,10.11,8.99,1.12,17.98,2.25,7.87,3.37,3.37,0,1.12,1.12,0,0,0,0,0,3.37,2.25,1.12,0,0,0,0,1.12,0,8.99,3.37,0,0,1.12,3.37,1.12,0
Sample Reddit post text here!! What's up!,1,Username,Discussion Thread Title,"Nov 30, 2023",2,1,1,59,38.71,50.15,94.87,,14.75,11.86,83.05,74.58,57.63,15.25,13.56,8.47,1.69,0,3.39,0,1.69,13.56,10.17,5.08,10.17,11.86,1.69,10.17,1.69,23.73,3.39,6.78,0,0,0,0,0,0,0,0,0,0,3.39,1.69,1.69,0,0,0,0,0,0,8.47,6.78,1.69,0,0,0,0,0
Sample Reddit post text here!! What's up!,1,Username,Discussion Thread Title,"Dec 1, 2023",2,1,1,27,55.25,1,99,1,9,11.11,77.78,70.37,55.56,25.93,18.52,18.52,0,0,0,0,7.41,18.52,7.41,3.7,11.11,3.7,0,3.7,0,11.11,7.41,7.41,3.7,0,3.7,3.7,0,3.7,0,0,3.7,0,0,0,0,0,0,0,0,0,0,11.11,11.11,0,0,0,0,0,0
Sample Reddit post text here!! What's up!,1,Username,Discussion Thread Title,"Dec 2, 2023",2,1,1,261,30.27,42.32,82.98,56.07,14.5,10.34,82.38,74.71,59.77,14.94,9.2,4.6,1.92,0.77,1.53,0.38,5.75,13.41,3.07,3.07,14.94,12.64,3.07,8.43,2.3,22.61,8.05,8.05,4.6,3.45,1.15,1.53,0.77,0.77,0,0,0.38,0,4.6,2.3,0.77,0,0.38,0,0,0.77,0,12.64,6.51,1.92,0,0.38,2.3,1.53,0
Sample Reddit post text here!! What's up!,1,Username,Discussion Thread Title,"Dec 3, 2023",2,1,1,92,8.37,53.04,67.7,20.23,23,9.78,80.43,77.17,68.48,15.22,15.22,6.52,1.09,5.43,2.17,0,0,15.22,6.52,0,11.96,14.13,8.7,9.78,5.43,21.74,3.26,4.35,2.17,1.09,1.09,0,0,0,0,0,0,0,2.17,2.17,1.09,0,0,0,0,0,0,14.13,2.17,2.17,0,2.17,5.43,2.17,1.09
Sample Reddit post text here!! What's up!,0,Username,Discussion Thread Title,"Dec 4, 2023",2,1,1,87,3.67,17.26,16,1,14.5,5.75,90.8,88.51,70.11,16.09,8.05,5.75,0,1.15,1.15,0,8.05,20.69,8.05,4.6,9.2,18.39,8.05,12.64,2.3,26.44,12.64,11.49,11.49,2.3,8.05,4.6,0,4.6,0,0,0,1.15,3.45,3.45,0,0,0,0,1.15,0,0,19.54,3.45,4.6,3.45,0,5.75,2.3,1.15
Sample Reddit post text here!! What's up!,1,Username,Discussion Thread Title,"Dec 5, 2023",2,1,1,169,4.43,24.28,99,47.12,18.78,8.28,87.57,80.47,63.91,21.3,15.38,10.06,1.78,1.78,0,1.18,5.92,17.75,6.51,5.92,8.88,11.83,8.28,11.24,1.78,18.93,6.51,8.88,5.92,3.55,1.78,2.37,0,1.78,0.59,1.18,0,0,4.14,1.18,0,0,0,0,0.59,0,0,15.38,5.33,3.55,0,0,4.14,2.37,0
Sample Reddit post text here!! What's up!,1,Username,Discussion Thread Title,"Dec 6, 2023",2,1,1,41,75.84,1,99,,13.67,17.07,82.93,78.05,56.1,12.2,7.32,7.32,0,0,0,0,4.88,21.95,14.63,4.88,7.32,7.32,2.44,4.88,2.44,14.63,14.63,7.32,2.44,0,0,0,0,0,0,0,0,2.44,0,0,0,0,0,0,0,0,0,19.51,7.32,4.88,0,0,0,7.32,0
Sample Reddit post text here!! What's up!,1,Username,Discussion Thread Title,"Dec 7, 2023",2,1,1,160,30.94,1.71,99,20.23,26.67,13.13,85.63,78.75,58.75,14.38,9.38,9.38,0,0,0,0,5,15.63,5,3.75,13.13,11.25,8.75,5.63,1.25,18.13,11.25,14.38,3.75,1.88,1.88,1.25,0,1.25,0.63,0,0.63,0.63,3.13,0,0,0,0,0,0,0,0,14.38,3.13,5,0,0.63,3.13,2.5,0
Sample Reddit post text here!! What's up!,1,Username,Discussion Thread Title,"Dec 8, 2023",2,1,1,106,1.02,16.8,79.41,2.04,15.14,13.21,88.68,85.85,67.92,21.7,15.09,12.26,1.89,0,0.94,0,6.6,20.75,4.72,4.72,6.6,11.32,12.26,11.32,1.89,21.7,8.49,10.38,6.6,1.89,4.72,5.66,1.89,3.77,0.94,0.94,0,0,1.89,1.89,0,0,0,0,1.89,0,0,14.15,6.6,1.89,0,0,2.83,2.83,0
Sample Reddit post text here!! What's up!,1,Username,Discussion Thread Title,"Dec 9, 2023",2,1,1,231,28.02,93.41,35.13,91.84,15.4,16.45,80.95,74.03,60.61,16.88,12.55,3.03,6.06,2.6,0.43,0.43,4.33,16.45,6.06,1.73,12.55,9.96,5.63,7.36,3.03,18.18,8.66,6.06,6.93,5.63,0.43,1.73,0.87,0,0,0,0,0,2.16,2.16,0.43,0.43,0,0,0.43,0,0,17.32,7.79,3.03,0,0,3.03,3.46,0
Sample Reddit post text here!! What's up!,1,Username,Discussion Thread Title,"Dec 10, 2023",2,1,1,223,35.32,15.99,84.73,81.54,18.58,15.25,83.41,76.68,60.54,15.25,11.66,8.52,0.45,0,1.79,0.45,3.59,14.35,4.48,2.69,15.25,10.76,4.48,9.87,0.9,20.18,6.73,8.07,4.93,4.48,0.45,0.45,0.45,0,0,0,0,0,7.17,1.79,0.9,0.45,0,0,0,4.04,0,13.9,5.38,2.69,0,0,1.79,4.04,0
Sample Reddit post text here!! What's up!,1,Username,Discussion Thread Title,"Dec 11, 2023",2,1,1,48,37.3,11.66,80.79,4.22,16,16.67,83.33,77.08,66.67,14.58,8.33,8.33,0,0,0,0,6.25,18.75,8.33,4.17,14.58,14.58,8.33,6.25,0,16.67,10.42,4.17,6.25,2.08,4.17,4.17,0,2.08,2.08,0,0,0,2.08,2.08,0,0,0,0,0,0,0,8.33,4.17,2.08,0,2.08,0,0,0
Sample Reddit post text here!! What's up!,1,Username,Discussion Thread Title,"Dec 12, 2023",2,1,1,55,8.65,1,84.17,47.86,11,20,85.45,80,65.45,12.73,7.27,7.27,0,0,0,0,5.45,14.55,9.09,0,10.91,21.82,3.64,10.91,5.45,27.27,9.09,3.64,5.45,3.64,1.82,0,0,0,0,0,0,0,7.27,5.45,1.82,0,0,0,3.64,1.82,0,20,9.09,3.64,0,0,7.27,0,0
Sample Reddit post text here!! What's up!,1,Username,Discussion Thread Title,"Dec 13, 2023",2,1,1,33,10.19,97.86,71.27,67.94,16.5,15.15,84.85,84.85,72.73,18.18,18.18,9.09,9.09,0,0,0,0,18.18,9.09,3.03,12.12,15.15,12.12,6.06,3.03,24.24,3.03,3.03,3.03,3.03,0,0,0,0,0,0,0,0,0,0,0,0,0,0,0,0,0,15.15,6.06,3.03,0,0,6.06,0,0
Sample Reddit post text here!! What's up!,1,Username,Discussion Thread Title,"Dec 14, 2023",2,1,1,92,3.67,28.14,94.98,53.96,23,17.39,88.04,81.52,70.65,22.83,13.04,7.61,5.43,0,0,0,9.78,14.13,0,2.17,15.22,13.04,8.7,7.61,3.26,19.57,4.35,9.78,5.43,3.26,1.09,2.17,1.09,0,0,0,0,0,2.17,2.17,0,0,1.09,0,1.09,0,0,11.96,4.35,3.26,0,0,4.35,0,0
Sample Reddit post text here!! What's up!,1,Username,Discussion Thread Title,"Dec 15, 2023",2,1,1,99,1.78,86.82,43.16,10.27,16.5,19.19,80.81,78.79,66.67,17.17,11.11,2.02,0,4.04,1.01,4.04,6.06,18.18,3.03,0,8.08,17.17,4.04,12.12,5.05,25.25,8.08,5.05,3.03,1.01,2.02,0,0,0,0,0,0,0,1.01,0,0,0,0,0,0,0,1.01,17.17,6.06,1.01,0,1.01,4.04,5.05,0
Sample Reddit post text here!! What's up!,1,Username,Discussion Thread Title,"Dec 16, 2023",2,1,1,376,21.73,65.16,31.25,53.17,11.75,15.43,81.12,72.61,60.37,14.89,8.78,3.99,0.27,3.19,0.53,0.53,6.12,17.29,6.65,2.93,11.44,12.23,6.65,9.04,2.13,17.29,10.37,6.38,10.11,5.59,3.46,5.05,2.39,2.13,0.27,0.53,0.27,0.53,2.66,0.8,0.27,0,0,0,0,0,0.53,19.95,6.12,3.99,0.8,1.6,3.19,4.26,0
Sample Reddit post text here!! What's up!,1,Username,Discussion Thread Title,"Dec 17, 2023",2,1,1,13,89.52,40.06,98.89,,13,15.38,76.92,69.23,61.54,7.69,7.69,7.69,0,0,0,0,0,15.38,15.38,0,15.38,15.38,0,7.69,0,15.38,7.69,7.69,0,0,0,0,0,0,0,0,0,0,7.69,7.69,0,0,0,0,7.69,0,0,0,0,0,0,0,0,0,7.69
Sample Reddit post text here!! What's up!,1,Username,Discussion Thread Title,"Dec 18, 2023",2,1,1,114,31.8,9.55,70.28,46.76,9.5,15.79,83.33,76.32,57.02,14.91,9.65,8.77,0,0.88,0,0,5.26,13.16,6.14,1.75,10.53,10.53,8.77,5.26,0,24.56,5.26,4.39,8.77,5.26,3.51,1.75,0.88,0.88,0,0,0,0,3.51,0,0,0,0,0,0,1.75,0,15.79,11.4,0,0,0.88,0,3.51,1.75
Sample Reddit post text here!! What's up!,1,Username,Discussion Thread Title,"Dec 19, 2023",2,1,1,221,4.21,58.9,43.32,7.85,20.09,15.84,84.16,80.54,68.33,20.36,14.93,5.88,1.81,3.62,3.17,0.45,5.43,21.27,3.17,1.36,12.22,14.93,5.43,9.95,4.07,23.98,6.33,8.14,4.52,1.36,2.71,2.26,1.36,0.45,0.45,0,0,0,0,0,0,0,0,0,0,0,0,10.41,4.52,0.9,0,0.45,4.52,0,0.45
Sample Reddit post text here!! What's up!,1,Username,Discussion Thread Title,"Dec 20, 2023",2,1,1,68,46.7,99,7.78,98.98,17,8.82,85.29,73.53,55.88,16.18,13.24,0,5.88,0,7.35,0,2.94,8.82,4.41,7.35,14.71,10.29,5.88,2.94,1.47,14.71,7.35,8.82,7.35,7.35,0,0,0,0,0,0,0,0,4.41,1.47,0,0,0,0,0,0,0,11.76,4.41,0,0,0,0,7.35,0
Sample Reddit post text here!! What's up!,1,Username,Discussion Thread Title,"Dec 21, 2023",2,1,1,141,15.79,11.27,98.23,1,12.82,9.22,87.94,80.14,60.99,14.89,9.22,8.51,0.71,0,0,0,5.67,14.89,7.8,3.55,7.8,12.77,11.35,4.96,1.42,19.15,7.8,12.77,5.67,0.71,4.26,2.84,0,2.13,0.71,0,1.42,0,4.96,3.55,1.42,0,0.71,0,1.42,0,0,14.18,7.09,4.26,0,0,2.84,0,0
Sample Reddit post text here!! What's up!,1,Username,Discussion Thread Title,"Dec 22, 2023",2,1,1,155,22.67,13,54.27,60.79,11.92,23.87,79.35,73.55,56.13,16.77,12.26,7.1,0.65,0,1.94,1.94,4.52,14.19,4.52,1.29,10.32,9.03,3.87,7.74,3.87,16.77,9.03,7.74,5.81,3.87,1.29,2.58,1.29,1.29,0,0,0,0.65,5.81,4.52,1.94,0.65,0,0,0.65,0,0,23.23,14.19,3.23,0,0,1.94,3.87,0
Sample Reddit post text here!! What's up!,1,Username,Discussion Thread Title,"Dec 23, 2023",2,1,1,112,46.07,71.08,95.85,5.5,14,16.96,81.25,73.21,56.25,16.96,11.61,6.25,5.36,0,0,0,5.36,15.18,6.25,4.46,12.5,8.04,5.36,6.25,0,16.07,8.93,7.14,8.93,3.57,5.36,2.68,1.79,0.89,0,0,0.89,0,5.36,4.46,0,0,3.57,0,0.89,0,0.89,13.39,6.25,1.79,0,0,2.68,2.68,0
Sample Reddit post text here!! What's up!,1,Username,Discussion Thread Title,"Dec 24, 2023",2,1,1,132,51.97,78.1,29.49,99,22,7.58,82.58,77.27,62.88,12.88,8.33,3.79,4.55,0,0,0,4.55,22.73,9.85,5.3,13.64,8.33,7.58,9.09,1.52,15.15,9.85,13.64,8.33,8.33,0,0.76,0.76,0,0,0,0,0,1.52,1.52,0,0,0,0,0.76,0,0,11.36,3.79,3.79,0,0,3.79,0,0.76
Sample Reddit post text here!! What's up!,1,Username,Discussion Thread Title,"Dec 25, 2023",2,1,1,216,8.99,88.72,79.63,48.44,21.6,13.89,88.43,79.17,62.96,16.67,14.35,6.48,7.41,0,0.46,0,2.31,16.67,6.02,4.63,11.11,12.04,5.56,13.89,3.24,18.52,7.87,11.11,3.24,2.31,0.46,2.31,1.39,0.46,0,0.46,0,0,3.7,3.7,0,0,0,0,3.7,0,0,12.96,4.17,3.24,0,0.46,5.09,0,0
Sample Reddit post text here!! What's up!,1,Username,Discussion Thread Title,"Dec 26, 2023",2,1,1,97,2.15,1.78,98.31,82.53,19.4,11.34,85.57,79.38,67.01,23.71,18.56,14.43,1.03,2.06,1.03,0,5.15,21.65,2.06,6.19,10.31,12.37,8.25,7.22,4.12,21.65,8.25,8.25,5.15,4.12,0,0,0,0,0,0,0,1.03,4.12,0,0,0,0,0,0,0,0,15.46,9.28,3.09,0,0,3.09,0,0
Sample Reddit post text here!! What's up!,1,Username,Discussion Thread Title,"Dec 27, 2023",2,1,1,196,15.22,34.25,78.4,68.42,19.6,15.82,84.69,81.63,65.31,15.31,11.73,5.61,0,3.06,2.04,1.02,3.57,17.35,6.63,4.08,11.73,13.27,8.67,10.2,1.02,21.43,8.16,8.67,5.1,4.08,1.02,2.04,1.53,0.51,0.51,0,0,0,0.51,0.51,0.51,0,0,0,0,0,0,16.33,6.63,4.59,0,0,2.55,2.55,0